{
  "dashboardPage" : {
    "transaction" : "dashboardPage",
    "sampleCount" : 1,
    "errorCount" : 1,
    "errorPct" : 100.0,
    "meanResTime" : 1824.0,
    "medianResTime" : 1824.0,
    "minResTime" : 1824.0,
    "maxResTime" : 1824.0,
    "pct1ResTime" : 1824.0,
    "pct2ResTime" : 1824.0,
    "pct3ResTime" : 1824.0,
    "throughput" : 0.5482456140350876,
    "receivedKBytesPerSec" : 3.685131407620614,
    "sentKBytesPerSec" : 0.1975611636513158
  },
  "myinfoPage-1" : {
    "transaction" : "myinfoPage-1",
    "sampleCount" : 1,
    "errorCount" : 0,
    "errorPct" : 0.0,
    "meanResTime" : 366.0,
    "medianResTime" : 366.0,
    "minResTime" : 366.0,
    "maxResTime" : 366.0,
    "pct1ResTime" : 366.0,
    "pct2ResTime" : 366.0,
    "pct3ResTime" : 366.0,
    "throughput" : 2.73224043715847,
    "receivedKBytesPerSec" : 12.940787226775956,
    "sentKBytesPerSec" : 0.5469817281420765
  },
  "adminPage" : {
    "transaction" : "adminPage",
    "sampleCount" : 1,
    "errorCount" : 0,
    "errorPct" : 0.0,
    "meanResTime" : 733.0,
    "medianResTime" : 733.0,
    "minResTime" : 733.0,
    "maxResTime" : 733.0,
    "pct1ResTime" : 733.0,
    "pct2ResTime" : 733.0,
    "pct3ResTime" : 733.0,
    "throughput" : 1.364256480218281,
    "receivedKBytesPerSec" : 9.042196026603001,
    "sentKBytesPerSec" : 0.5608906036834925
  },
  "myinfoPage-0" : {
    "transaction" : "myinfoPage-0",
    "sampleCount" : 1,
    "errorCount" : 0,
    "errorPct" : 0.0,
    "meanResTime" : 348.0,
    "medianResTime" : 348.0,
    "minResTime" : 348.0,
    "maxResTime" : 348.0,
    "pct1ResTime" : 348.0,
    "pct2ResTime" : 348.0,
    "pct3ResTime" : 348.0,
    "throughput" : 2.8735632183908044,
    "receivedKBytesPerSec" : 5.4889547413793105,
    "sentKBytesPerSec" : 0.6454292385057472
  },
  "Total" : {
    "transaction" : "Total",
    "sampleCount" : 9,
    "errorCount" : 1,
    "errorPct" : 11.111111,
    "meanResTime" : 726.4444444444445,
    "medianResTime" : 373.0,
    "minResTime" : 348.0,
    "maxResTime" : 1824.0,
    "pct1ResTime" : 1824.0,
    "pct2ResTime" : 1824.0,
    "pct3ResTime" : 1824.0,
    "throughput" : 2.74641440341776,
    "receivedKBytesPerSec" : 12.203902197131523,
    "sentKBytesPerSec" : 0.7301123359780286
  },
  "adminPage-1" : {
    "transaction" : "adminPage-1",
    "sampleCount" : 1,
    "errorCount" : 0,
    "errorPct" : 0.0,
    "meanResTime" : 373.0,
    "medianResTime" : 373.0,
    "minResTime" : 373.0,
    "maxResTime" : 373.0,
    "pct1ResTime" : 373.0,
    "pct2ResTime" : 373.0,
    "pct3ResTime" : 373.0,
    "throughput" : 2.680965147453083,
    "receivedKBytesPerSec" : 12.648186159517426,
    "sentKBytesPerSec" : 0.5367166554959786
  },
  "dashboardPage-0" : {
    "transaction" : "dashboardPage-0",
    "sampleCount" : 1,
    "errorCount" : 0,
    "errorPct" : 0.0,
    "meanResTime" : 1449.0,
    "medianResTime" : 1449.0,
    "minResTime" : 1449.0,
    "maxResTime" : 1449.0,
    "pct1ResTime" : 1449.0,
    "pct2ResTime" : 1449.0,
    "pct3ResTime" : 1449.0,
    "throughput" : 0.6901311249137336,
    "receivedKBytesPerSec" : 1.3809362060041408,
    "sentKBytesPerSec" : 0.11052881297446514
  },
  "dashboardPage-1" : {
    "transaction" : "dashboardPage-1",
    "sampleCount" : 1,
    "errorCount" : 0,
    "errorPct" : 0.0,
    "meanResTime" : 372.0,
    "medianResTime" : 372.0,
    "minResTime" : 372.0,
    "maxResTime" : 372.0,
    "pct1ResTime" : 372.0,
    "pct2ResTime" : 372.0,
    "pct3ResTime" : 372.0,
    "throughput" : 2.688172043010753,
    "receivedKBytesPerSec" : 12.690062163978494,
    "sentKBytesPerSec" : 0.5381594422043011
  },
  "adminPage-0" : {
    "transaction" : "adminPage-0",
    "sampleCount" : 1,
    "errorCount" : 0,
    "errorPct" : 0.0,
    "meanResTime" : 359.0,
    "medianResTime" : 359.0,
    "minResTime" : 359.0,
    "maxResTime" : 359.0,
    "pct1ResTime" : 359.0,
    "pct2ResTime" : 359.0,
    "pct3ResTime" : 359.0,
    "throughput" : 2.785515320334262,
    "receivedKBytesPerSec" : 5.320769498607243,
    "sentKBytesPerSec" : 0.5875696378830084
  },
  "myinfoPage" : {
    "transaction" : "myinfoPage",
    "sampleCount" : 1,
    "errorCount" : 0,
    "errorPct" : 0.0,
    "meanResTime" : 714.0,
    "medianResTime" : 714.0,
    "minResTime" : 714.0,
    "maxResTime" : 714.0,
    "pct1ResTime" : 714.0,
    "pct2ResTime" : 714.0,
    "pct3ResTime" : 714.0,
    "throughput" : 1.4005602240896358,
    "receivedKBytesPerSec" : 9.308801645658264,
    "sentKBytesPerSec" : 0.5949645483193278
  }
}